{
    "version": "2.0",
    "board_config": {
        "cols": 7,
        "rows": 7,
        "square_size_mm": 20.0
    },
    "left_camera": {
        "camera_matrix": [
            [
                802.712276312442,
                0.0,
                689.2881682871669
            ],
            [
                0.0,
                802.4946923002085,
                355.958534331115
            ],
            [
                0.0,
                0.0,
                1.0
            ]
        ],
        "distortion_coeffs": [
            [
                -0.02826587037819052,
                0.15516195165887223,
                0.0012044313460548165,
                0.001525682663137903,
                -0.15361826216885072
            ]
        ],
        "reprojection_error": 0.010711153553482115,
        "num_images": 25,
        "image_width": 1280,
        "image_height": 720,
        "world_rotation": [
            [
                1.0,
                0.0,
                0.0
            ],
            [
                0.0,
                1.0,
                0.0
            ],
            [
                0.0,
                0.0,
                1.0
            ]
        ],
        "world_translation": [
            [
                0.0
            ],
            [
                0.0
            ],
            [
                0.0
            ]
        ]
    },
    "right_camera": {
        "camera_matrix": [
            [
                799.8508514953483,
                0.0,
                616.2657656226221
            ],
            [
                0.0,
                798.8245120973093,
                416.8210357297265
            ],
            [
                0.0,
                0.0,
                1.0
            ]
        ],
        "distortion_coeffs": [
            [
                -0.021709375716724447,
                0.12462857793508873,
                0.001812235625818372,
                -0.0015744932467536858,
                -0.13354693755881472
            ]
        ],
        "reprojection_error": 0.019143031318068465,
        "num_images": 25,
        "image_width": 1280,
        "image_height": 720,
        "world_rotation": [
            [
                0.9996947325485661,
                0.022194624435521237,
                0.010855430015297417
            ],
            [
                -0.022293447352067865,
                0.9997103370068348,
                0.009068863591513009
            ],
            [
                -0.01065100557747647,
                -0.009308100120167136,
                0.9998999526714367
            ]
        ],
        "world_translation": [
            [
                0.0915391466483506
            ],
            [
                0.00011936909736769518
            ],
            [
                -0.0020586948862012905
            ]
        ]
    },
    "stereo": {
        "rotation_matrix": [
            [
                0.9996947325485661,
                0.022194624435521237,
                0.010855430015297417
            ],
            [
                -0.022293447352067865,
                0.9997103370068348,
                0.009068863591513009
            ],
            [
                -0.01065100557747647,
                -0.009308100120167136,
                0.9998999526714367
            ]
        ],
        "translation_vector": [
            [
                0.0915391466483506
            ],
            [
                0.00011936909736769518
            ],
            [
                -0.0020586948862012905
            ]
        ],
        "essential_matrix": [
            [
                -4.7166806981341466e-05,
                0.002056987458968987,
                0.00013802717790789543
            ],
            [
                -0.0010830824721510812,
                0.0008063635820909435,
                -0.09155233641952948
            ],
            [
                -0.0021600558043257854,
                0.09150998179285537,
                0.0008288602313549326
            ]
        ],
        "fundamental_matrix": [
            [
                -7.2511307783090606e-09,
                3.163141652369211e-07,
                -9.056350492827178e-05
            ],
            [
                -1.6672027465272077e-07,
                1.241582353033454e-07,
                -0.011241715246686854
            ],
            [
                -0.00019164813810398,
                0.01100880648634408,
                1.0
            ]
        ],
        "rms_error": 0.13385075033418778,
        "baseline_cm": 9.15623713253655,
        "num_pairs": 10,
        "world_transforms": {
            "left_camera": {
                "rotation": [
                    [
                        1.0,
                        0.0,
                        0.0
                    ],
                    [
                        0.0,
                        1.0,
                        0.0
                    ],
                    [
                        0.0,
                        0.0,
                        1.0
                    ]
                ],
                "translation": [
                    [
                        0.0
                    ],
                    [
                        0.0
                    ],
                    [
                        0.0
                    ]
                ]
            },
            "right_camera": {
                "rotation": [
                    [
                        0.9996947325485661,
                        0.022194624435521237,
                        0.010855430015297417
                    ],
                    [
                        -0.022293447352067865,
                        0.9997103370068348,
                        0.009068863591513009
                    ],
                    [
                        -0.01065100557747647,
                        -0.009308100120167136,
                        0.9998999526714367
                    ]
                ],
                "translation": [
                    [
                        0.0915391466483506
                    ],
                    [
                        0.00011936909736769518
                    ],
                    [
                        -0.0020586948862012905
                    ]
                ]
            }
        },
        "rectification": {
            "R1": [
                [
                    0.9996515754613027,
                    0.023701592786102683,
                    -0.011617322287734919
                ],
                [
                    -0.023649470731603804,
                    0.9997097124371894,
                    0.004603628228584304
                ],
                [
                    0.011723063245174166,
                    -0.004327280688119066,
                    0.9999219191666898
                ]
            ],
            "R2": [
                [
                    0.9997463512938912,
                    0.0013036916327118116,
                    -0.022484071310105644
                ],
                [
                    -0.0014040953418102652,
                    0.9999891114366788,
                    -0.004450339801922732
                ],
                [
                    0.022478024620109,
                    0.004480780758781645,
                    0.999737295999789
                ]
            ],
            "P1": [
                [
                    915.9284627659808,
                    0.0,
                    677.082275390625,
                    0.0
                ],
                [
                    0.0,
                    915.9284627659808,
                    389.7312240600586,
                    0.0
                ],
                [
                    0.0,
                    0.0,
                    1.0,
                    0.0
                ]
            ],