{
    "version": "2.0",
    "board_config": {
        "cols": 7,
        "rows": 7,
        "square_size_mm": 20.0
    },
    "left_camera": {
        "camera_matrix": [
            [
                399.9420309931056,
                0.0,
                314.6139243642169
            ],
            [
                0.0,
                399.4842166054834,
                268.93510053996806
            ],
            [
                0.0,
                0.0,
                1.0
            ]
        ],
        "distortion_coeffs": [
            [
                -0.023971844411740027,
                0.13405142076780407,
                0.002647505394099522,
                0.0016852053005739648,
                -0.14286122184939848
            ]
        ],
        "reprojection_error": 0.03303385884391213,
        "num_images": 25,
        "image_width": 640,
        "image_height": 480
    },
    "right_camera": {
        "camera_matrix": [
            [
                399.6724386708016,
                0.0,
                343.6689002026068
            ],
            [
                0.0,
                399.0189581740825,
                236.57221706601396
            ],
            [
                0.0,
                0.0,
                1.0
            ]
        ],
        "distortion_coeffs": [
            [
                -0.02576840330191594,
                0.12669113659034972,
                3.548275682603175e-06,
                0.0010307623497289153,
                -0.13096331212005588
            ]
        ],
        "reprojection_error": 0.01207328908167214,
        "num_images": 25,
        "image_width": 640,
        "image_height": 480
    },
    "camera_ids": {
        "left": 2,
        "right": 1
    },
    "resolution": {
        "width": 640,
        "height": 480
    },
    "stereo": null
}