{
    "version": "2.0",
    "board_config": {
        "cols": 7,
        "rows": 7,
        "square_size_mm": 20.0
    },
    "left_camera": {
        "camera_matrix": [
            [
                399.9420309931056,
                0.0,
                314.6139243642169
            ],
            [
                0.0,
                399.4842166054834,
                268.93510053996806
            ],
            [
                0.0,
                0.0,
                1.0
            ]
        ],
        "distortion_coeffs": [
            [
                -0.023971844411740027,
                0.13405142076780407,
                0.002647505394099522,
                0.0016852053005739648,
                -0.14286122184939848
            ]
        ],
        "reprojection_error": 0.03303385884391213,
        "num_images": 25,
        "image_width": 640,
        "image_height": 480,
        "world_rotation": [
            [
                1.0,
                0.0,
                0.0
            ],
            [
                0.0,
                1.0,
                0.0
            ],
            [
                0.0,
                0.0,
                1.0
            ]
        ],
        "world_translation": [
            [
                0.0
            ],
            [
                0.0
            ],
            [
                0.0
            ]
        ]
    },
    "right_camera": {
        "camera_matrix": [
            [
                399.6724386708016,
                0.0,
                343.6689002026068
            ],
            [
                0.0,
                399.0189581740825,
                236.57221706601396
            ],
            [
                0.0,
                0.0,
                1.0
            ]
        ],
        "distortion_coeffs": [
            [
                -0.02576840330191594,
                0.12669113659034972,
                3.548275682603175e-06,
                0.0010307623497289153,
                -0.13096331212005588
            ]
        ],
        "reprojection_error": 0.01207328908167214,
        "num_images": 25,
        "image_width": 640,
        "image_height": 480,
        "world_rotation": [
            [
                0.9986746890177501,
                -0.05073441390211448,
                -0.008653598171222729
            ],
            [
                0.05103619281651816,
                0.9979267010541171,
                0.039212323905147305
            ],
            [
                0.006646242404188761,
                -0.039602002086459455,
                0.999193429168071
            ]
        ],
        "world_translation": [
            [
                -0.09065413812314163
            ],
            [
                -0.0025039573192082503
            ],
            [
                -0.00046972211067558426
            ]
        ]
    },
    "stereo": {
        "rotation_matrix": [
            [
                0.9986746890177501,
                -0.05073441390211448,
                -0.008653598171222729
            ],
            [
                0.05103619281651816,
                0.9979267010541171,
                0.039212323905147305
            ],
            [
                0.006646242404188761,
                -0.039602002086459455,
                0.999193429168071
            ]
        ],
        "translation_vector": [
            [
                -0.09065413812314163
            ],
            [
                -0.0025039573192082503
            ],
            [
                -0.00046972211067558426
            ]
        ],
        "essential_matrix": [
            [
                7.3309208974203175e-06,
                0.0005679099592983532,
                -0.0024835188047209614
            ],
            [
                0.00013340979410550848,
                -0.0035662542911168485,
                0.09058508392593577
            ],
            [
                -0.0021260032757939077,
                -0.09059322180115693,
                -0.0035764276679049124
            ]
        ],
        "fundamental_matrix": [
            [
                7.071640897175001e-09,
                5.484519345876116e-07,
                -0.0011078566235908915
            ],
            [
                1.2890211683107834e-07,
                -3.4497058500447085e-06,
                0.03589186955743309
            ],
            [
                -0.0008525775142437048,
                -0.03433943120524205,
                1.0
            ]
        ],
        "rms_error": 0.4701892412350278,
        "baseline_cm": 9.068992887838935,
        "num_pairs": 15,
        "world_transforms": {
            "left_camera": {
                "rotation": [
                    [
                        1.0,
                        0.0,
                        0.0
                    ],
                    [
                        0.0,
                        1.0,
                        0.0
                    ],
                    [
                        0.0,
                        0.0,
                        1.0
                    ]
                ],
                "translation": [
                    [
                        0.0
                    ],
                    [
                        0.0
                    ],
                    [
                        0.0
                    ]
                ]
            },
            "right_camera": {
                "rotation": [
                    [
                        0.9986746890177501,
                        -0.05073441390211448,
                        -0.008653598171222729
                    ],
                    [
                        0.05103619281651816,
                        0.9979267010541171,
                        0.039212323905147305
                    ],
                    [
                        0.006646242404188761,
                        -0.039602002086459455,
                        0.999193429168071
                    ]
                ],
                "translation": [
                    [
                        -0.09065413812314163
                    ],
                    [
                        -0.0025039573192082503
                    ],
                    [
                        -0.00046972211067558426
                    ]
                ]
            }
        },
        "rectification": {
            "R1": [
                [
                    0.9997241000754935,
                    -0.023366658906394056,
                    -0.002392275025359259
                ],
                [
                    0.023409252051760303,
                    0.9995324009342532,
                    0.01967196993146524
                ],
                [
                    0.0019314881883869689,
                    -0.019722543805492022,
                    0.9998036260282409
                ]
            ],
            "R2": [
                [
                    0.9996053502776946,
                    0.027610092434493225,
                    0.005179429695073851
                ],
                [
                    -0.027502696347665508,
                    0.9994261742192293,
                    -0.01977179756933301
                ],
                [
                    -0.005722358763270536,
                    0.019621546352755086,
                    0.9997911029454659
                ]
            ],
            "P1": [
                [
                    515.1728163190763,
                    0.0,
                    303.19661712646484,
                    0.0
                ],
                [
                    0.0,
                    515.1728163190763,
                    311.0128688812256,
                    0.0
                ],
                [
                    0.0,
                    0.0,
                    1.0,
                    0.0
                ]
            ],