{
    "version": "2.0",
    "board_config": {
        "cols": 7,
        "rows": 7,
        "square_size_mm": 20.0
    },
    "left_camera": {
        "camera_matrix": [
            [
                808.4296403266059,
                0.0,
                623.4264369679544
            ],
            [
                0.0,
                807.9476900514204,
                414.39700516391247
            ],
            [
                0.0,
                0.0,
                1.0
            ]
        ],
        "distortion_coeffs": [
            [
                -0.028350602919355813,
                0.1519927892108578,
                0.0017675340559672498,
                -0.0001594312713011983,
                -0.1615177321401847
            ]
        ],
        "reprojection_error": 0.01467036979241117,
        "num_images": 25,
        "image_width": 1280,
        "image_height": 720,
        "world_rotation": [
            [
                1.0,
                0.0,
                0.0
            ],
            [
                0.0,
                1.0,
                0.0
            ],
            [
                0.0,
                0.0,
                1.0
            ]
        ],
        "world_translation": [
            [
                0.0
            ],
            [
                0.0
            ],
            [
                0.0
            ]
        ]
    },
    "right_camera": {
        "camera_matrix": [
            [
                766.0316946822837,
                0.0,
                684.3637446825661
            ],
            [
                0.0,
                767.6626545586494,
                340.32169749280973
            ],
            [
                0.0,
                0.0,
                1.0
            ]
        ],
        "distortion_coeffs": [
            [
                -0.03978882174671256,
                0.09270270335508814,
                -0.001147736371040171,
                0.0013538898085568064,
                -0.08271592596500045
            ]
        ],
        "reprojection_error": 0.07920961578309994,
        "num_images": 25,
        "image_width": 1280,
        "image_height": 720,
        "world_rotation": [
            [
                0.8366574904238732,
                0.11282871776674343,
                -0.5359794064744831
            ],
            [
                -0.3065354573602365,
                0.9074090794497143,
                -0.2874800443738187
            ],
            [
                0.4539165750427905,
                0.40481902497206657,
                0.7937766058042327
            ]
        ],
        "world_translation": [
            [
                0.3362521764323152
            ],
            [
                0.06144353518951382
            ],
            [
                0.09397946008058405
            ]
        ]
    },
    "stereo": {
        "rotation_matrix": [
            [
                0.8366574904238732,
                0.11282871776674343,
                -0.5359794064744831
            ],
            [
                -0.3065354573602365,
                0.9074090794497143,
                -0.2874800443738187
            ],
            [
                0.4539165750427905,
                0.40481902497206657,
                0.7937766058042327
            ]
        ],
        "translation_vector": [
            [
                0.3362521764323152
            ],
            [
                0.06144353518951382
            ],
            [
                0.09397946008058405
            ]
        ],
        "essential_matrix": [
            [
                0.056698275830015216,
                -0.0604043033526481,
                0.07578966016553904
            ],
            [
                -0.07400181705442858,
                -0.12551769623076198,
                -0.31728016653751295
            ],
            [
                -0.15448040864548426,
                0.2981856825889214,
                -0.06373332107898545
            ]
        ],
        "fundamental_matrix": [
            [
                -1.3654190177470131e-06,
                1.4555360273566835e-06,
                -0.0012274622697793097
            ],
            [
                1.7783400291244158e-06,
                3.018119037064103e-06,
                0.0038045645552792977
            ],
            [
                0.0031790477900688553,
                -0.007527376501110042,
                1.0
            ]
        ],
        "rms_error": 21.691236457344296,
        "baseline_cm": 35.45038407254454,
        "num_pairs": 10,
        "world_transforms": {
            "left_camera": {
                "rotation": [
                    [
                        1.0,
                        0.0,
                        0.0
                    ],
                    [
                        0.0,
                        1.0,
                        0.0
                    ],
                    [
                        0.0,
                        0.0,
                        1.0
                    ]
                ],
                "translation": [
                    [
                        0.0
                    ],
                    [
                        0.0
                    ],
                    [
                        0.0
                    ]
                ]
            },
            "right_camera": {
                "rotation": [
                    [
                        0.8366574904238732,
                        0.11282871776674343,
                        -0.5359794064744831
                    ],
                    [
                        -0.3065354573602365,
                        0.9074090794497143,
                        -0.2874800443738187
                    ],
                    [
                        0.4539165750427905,
                        0.40481902497206657,
                        0.7937766058042327
                    ]
                ],
                "translation": [
                    [
                        0.3362521764323152
                    ],
                    [
                        0.06144353518951382
                    ],
                    [
                        0.09397946008058405
                    ]
                ]
            }
        },
        "rectification": {
            "R1": [
                [
                    0.8607864838416833,
                    0.371612326527201,
                    -0.3477799706833509
                ],
                [
                    -0.41973582658805464,
                    0.9047777849175945,
                    -0.07210406228537808
                ],
                [
                    0.2878688331756566,
                    0.208041915710878,
                    0.9347994951824878
                ]
            ],
            "R2": [
                [
                    0.9485149039407287,
                    0.1733226220166691,
                    0.2651013875851598
                ],
                [
                    -0.2104439134699492,
                    0.9703959695176053,
                    0.11851169405353794
                ],
                [
                    -0.23671256047316716,
                    -0.16819908157077942,
                    0.9569097306815224
                ]
            ],
            "P1": [
                [
                    3245.837997519457,
                    0.0,
                    730.3925895690918,
                    0.0
                ],
                [
                    0.0,
                    3245.837997519457,
                    339.92094326019287,
                    0.0
                ],
                [
                    0.0,
                    0.0,
                    1.0,
                    0.0
                ]
            ],