{
    "version": "2.0",
    "board_config": {
        "cols": 7,
        "rows": 7,
        "square_size_mm": 20.0
    },
    "left_camera": {
        "camera_matrix": [
            [
                399.9420309931056,
                0.0,
                314.6139243642169
            ],
            [
                0.0,
                399.4842166054834,
                268.93510053996806
            ],
            [
                0.0,
                0.0,
                1.0
            ]
        ],
        "distortion_coeffs": [
            [
                -0.023971844411740027,
                0.13405142076780407,
                0.002647505394099522,
                0.0016852053005739648,
                -0.14286122184939848
            ]
        ],
        "reprojection_error": 0.03303385884391213,
        "num_images": 25,
        "image_width": 640,
        "image_height": 480,
        "world_rotation": [
            [
                1.0,
                0.0,
                0.0
            ],
            [
                0.0,
                1.0,
                0.0
            ],
            [
                0.0,
                0.0,
                1.0
            ]
        ],
        "world_translation": [
            [
                0.0
            ],
            [
                0.0
            ],
            [
                0.0
            ]
        ]
    },
    "right_camera": {
        "camera_matrix": [
            [
                399.6724386708016,
                0.0,
                343.6689002026068
            ],
            [
                0.0,
                399.0189581740825,
                236.57221706601396
            ],
            [
                0.0,
                0.0,
                1.0
            ]
        ],
        "distortion_coeffs": [
            [
                -0.02576840330191594,
                0.12669113659034972,
                3.548275682603175e-06,
                0.0010307623497289153,
                -0.13096331212005588
            ]
        ],
        "reprojection_error": 0.01207328908167214,
        "num_images": 25,
        "image_width": 640,
        "image_height": 480,
        "world_rotation": [
            [
                0.998675122280285,
                -0.05019991977608807,
                -0.011312302724566483
            ],
            [
                0.05060403006085059,
                0.997963518542997,
                0.03883359111493186
            ],
            [
                0.009339822271244937,
                -0.039354589462418564,
                0.9991816571615925
            ]
        ],
        "world_translation": [
            [
                -0.08973704086599725
            ],
            [
                -0.002398166547340428
            ],
            [
                0.00020390706285174217
            ]
        ]
    },
    "stereo": {
        "rotation_matrix": [
            [
                0.998675122280285,
                -0.05019991977608807,
                -0.011312302724566483
            ],
            [
                0.05060403006085059,
                0.997963518542997,
                0.03883359111493186
            ],
            [
                0.009339822271244937,
                -0.039354589462418564,
                0.9991816571615925
            ]
        ],
        "translation_vector": [
            [
                -0.08973704086599725
            ],
            [
                -0.002398166547340428
            ],
            [
                0.00020390706285174217
            ]
        ],
        "essential_matrix": [
            [
                -3.271696846717402e-05,
                -0.00010911294996620434,
                -0.0024041224684253344
            ],
            [
                0.0010417649237631356,
                -0.0035418005210505346,
                0.08966129854284202
            ],
            [
                -0.002146066643641012,
                -0.08967468081455351,
                -0.003511940338821512
            ]
        ],
        "fundamental_matrix": [
            [
                -3.17766965970832e-08,
                -1.0609854101762466e-07,
                -0.0008953452288757719
            ],
            [
                1.0134821233815811e-06,
                -3.449593191254189e-06,
                0.03549464081565025
            ],
            [
                -0.0010619141225886016,
                -0.033997810149938294,
                1.0
            ]
        ],
        "rms_error": 0.8907167917100877,
        "baseline_cm": 8.976931148373994,
        "num_pairs": 8,
        "rectification": {
            "R1": [
                [
                    0.9996467747499734,
                    -0.02343211519912654,
                    -0.012540403074495075
                ],
                [
                    0.023674068729561227,
                    0.9995294085523804,
                    0.019506406863300508
                ],
                [
                    0.012077425295316623,
                    -0.019796399072141087,
                    0.9997310830328386
                ]
            ],
            "R2": [
                [
                    0.9996405161495693,
                    0.026714770423241836,
                    -0.002271456241362933
                ],
                [
                    -0.026754255019308434,
                    0.9994493925600387,
                    -0.01962451399987951
                ],
                [
                    0.0017459411744824137,
                    0.019678230423570624,
                    0.999804840424776
                ]
            ],
            "P1": [
                [
                    510.6366490632465,
                    0.0,
                    311.3788070678711,
                    0.0
                ],
                [
                    0.0,
                    510.6366490632465,
                    309.8348083496094,
                    0.0
                ],
                [
                    0.0,
                    0.0,
                    1.0,
                    0.0
                ]
            ],
            "P2": [
                [
                    510.6366490632465,
                    0.0,
                    311.3788070678711,
                    -45.83950040477179
                ],
                [
                    0.0,
                    510.6366490632465,
                    309.8348083496094,
                    0.0
                ],
                [
                    0.0,
                    0.0,
                    1.0,
                    0.0
                ]
            ],
            "Q": [
                [
                    1.0,
                    0.0,
                    0.0,
                    -311.3788070678711
                ],
                [
                    0.0,
                    1.0,
                    0.0,
                    -309.8348083496094
                ],
                [
                    0.0,
                    0.0,
                    0.0,
                    510.6366490632465
                ],
                [
                    0.0,
                    0.0,
                    11.139664362705194,
                    -0.0
                ]
            ]
        },
        "world_transforms": {
            "left_camera": {
                "rotation": [
                    [
                        1.0,
                        0.0,
                        0.0
                    ],
                    [
                        0.0,
                        1.0,
                        0.0
                    ],
                    [
                        0.0,
                        0.0,
                        1.0
                    ]
                ],