{
    "version": "2.0",
    "board_config": {
        "cols": 7,
        "rows": 7,
        "square_size_mm": 15.0
    },
    "left_camera": {
        "camera_matrix": [
            [
                883.8959980795839,
                0.0,
                618.5197136793354
            ],
            [
                0.0,
                883.8328358439896,
                357.34732158201354
            ],
            [
                0.0,
                0.0,
                1.0
            ]
        ],
        "distortion_coeffs": [
            [
                -0.0016566311107076423,
                0.12773355900487207,
                -0.005140805932470476,
                0.004488083874323273,
                -0.17944433651372388
            ]
        ],
        "reprojection_error": 0.030354489256122715,
        "num_images": 25,
        "image_width": 1280,
        "image_height": 720,
        "world_rotation": [
            [
                1.0,
                0.0,
                0.0
            ],
            [
                0.0,
                1.0,
                0.0
            ],
            [
                0.0,
                0.0,
                1.0
            ]
        ],
        "world_translation": [
            [
                0.0
            ],
            [
                0.0
            ],
            [
                0.0
            ]
        ]
    },
    "right_camera": {
        "camera_matrix": [
            [
                859.4996705089817,
                0.0,
                659.0344588476381
            ],
            [
                0.0,
                853.8406718599296,
                280.3841794695564
            ],
            [
                0.0,
                0.0,
                1.0
            ]
        ],
        "distortion_coeffs": [
            [
                -0.05834374920180763,
                0.21486762485983996,
                0.004272361561692244,
                -0.0016824019832826793,
                -0.24028586999931986
            ]
        ],
        "reprojection_error": 0.03156182313172226,
        "num_images": 25,
        "image_width": 1280,
        "image_height": 720,
        "world_rotation": [
            [
                0.9994595111722936,
                0.008661870149914451,
                0.03171210388394266
            ],
            [
                -0.01091515792793692,
                0.9973747392508462,
                0.07158553507318935
            ],
            [
                -0.03100878673292694,
                -0.07189298651337728,
                0.996930215027882
            ]
        ],
        "world_translation": [
            [
                -0.07505800065253104
            ],
            [
                0.001624579260870041
            ],
            [
                -0.004982249426338294
            ]
        ]
    },
    "stereo": {
        "rotation_matrix": [
            [
                0.9994595111722936,
                0.008661870149914451,
                0.03171210388394266
            ],
            [
                -0.01091515792793692,
                0.9973747392508462,
                0.07158553507318935
            ],
            [
                -0.03100878673292694,
                -0.07189298651337728,
                0.996930215027882
            ]
        ],
        "translation_vector": [
            [
                -0.07505800065253104
            ],
            [
                0.001624579260870041
            ],
            [
                -0.004982249426338294
            ]
        ],
        "essential_matrix": [
            [
                -0.00010475827115591078,
                0.004852373867585192,
                0.001976249142921525
            ],
            [
                -0.0073070141110207374,
                -0.005439299426218905,
                0.07466959111870693
            ],
            [
                -0.0008044312630522486,
                -0.07487502572411389,
                -0.00542458596452364
            ]
        ],
        "fundamental_matrix": [
            [
                8.744003643228215e-08,
                -4.050487514455459e-06,
                -6.467718227613694e-05
            ],
            [
                6.139469267413294e-06,
                4.570512339864528e-06,
                -0.06088501933725107
            ],
            [
                -0.0012019286244812444,
                0.05510787905915382,
                1.0
            ]
        ],
        "rms_error": 0.5600450813301165,
        "baseline_cm": 7.524071722861529,
        "num_pairs": 10,
        "world_transforms": {
            "left_camera": {
                "rotation": [
                    [
                        1.0,
                        0.0,
                        0.0
                    ],
                    [
                        0.0,
                        1.0,
                        0.0
                    ],
                    [
                        0.0,
                        0.0,
                        1.0
                    ]
                ],
                "translation": [
                    [
                        0.0
                    ],
                    [
                        0.0
                    ],
                    [
                        0.0
                    ]
                ]
            },
            "right_camera": {
                "rotation": [
                    [
                        0.9994595111722936,
                        0.008661870149914451,
                        0.03171210388394266
                    ],
                    [
                        -0.01091515792793692,
                        0.9973747392508462,
                        0.07158553507318935
                    ],
                    [
                        -0.03100878673292694,
                        -0.07189298651337728,
                        0.996930215027882
                    ]
                ],
                "translation": [
                    [
                        -0.07505800065253104
                    ],
                    [
                        0.001624579260870041
                    ],
                    [
                        -0.004982249426338294
                    ]
                ]
            }
        },
        "rectification": {
            "R1": [
                [
                    0.9952147511235749,
                    -0.01765480847445986,
                    0.09610362575767376
                ],
                [
                    0.014158317094813654,
                    0.9992170475524623,
                    0.03694365896311525
                ],
                [
                    -0.0966806144120091,
                    -0.03540620875313253,
                    0.9946855076749868
                ]
            ],
            "R2": [
                [
                    0.9975715731745475,
                    -0.0215917567071275,
                    0.06621746322805452
                ],
                [
                    0.023977314150976068,
                    0.9990839335849898,
                    -0.03544548008489833
                ],
                [
                    -0.06539147345154367,
                    0.03694712024831891,
                    0.9971754436934318
                ]
            ],
            "P1": [
                [
                    966.7542865051133,
                    0.0,
                    534.4959869384766,
                    0.0
                ],
                [
                    0.0,
                    966.7542865051133,
                    311.9273147583008,
                    0.0
                ],
                [
                    0.0,
                    0.0,
                    1.0,
                    0.0
                ]
            ],