{
    "version": "2.0",
    "board_config": {
        "cols": 7,
        "rows": 7,
        "square_size_mm": 20.0
    },
    "left_camera": {
        "camera_matrix": [
            [
                399.9420309931056,
                0.0,
                314.6139243642169
            ],
            [
                0.0,
                399.4842166054834,
                268.93510053996806
            ],
            [
                0.0,
                0.0,
                1.0
            ]
        ],
        "distortion_coeffs": [
            [
                -0.023971844411740027,
                0.13405142076780407,
                0.002647505394099522,
                0.0016852053005739648,
                -0.14286122184939848
            ]
        ],
        "reprojection_error": 0.03303385884391213,
        "num_images": 25,
        "image_width": 640,
        "image_height": 480
    },
    "right_camera": {
        "camera_matrix": [
            [
                399.6724386708016,
                0.0,
                343.6689002026068
            ],
            [
                0.0,
                399.0189581740825,
                236.57221706601396
            ],
            [
                0.0,
                0.0,
                1.0
            ]
        ],
        "distortion_coeffs": [
            [
                -0.02576840330191594,
                0.12669113659034972,
                3.548275682603175e-06,
                0.0010307623497289153,
                -0.13096331212005588
            ]
        ],
        "reprojection_error": 0.01207328908167214,
        "num_images": 25,
        "image_width": 640,
        "image_height": 480
    },
    "camera_ids": {
        "left": 2,
        "right": 1
    },
    "resolution": {
        "width": 640,
        "height": 480
    },
    "stereo": {
        "rotation_matrix": [
            [
                0.4679210828658499,
                -0.4463554055199531,
                0.7627691080351697
            ],
            [
                0.43494955692021153,
                0.867632675164411,
                0.2408991986743818
            ],
            [
                -0.7693300612510614,
                0.21904427166708984,
                0.6001257067525704
            ]
        ],
        "translation_vector": [
            [
                -0.4277459327357287
            ],
            [
                -0.12638090575153302
            ],
            [
                0.24784634640241332
            ]
        ],
        "essential_matrix": [
            [
                -0.010572028589231425,
                -0.24272260201182283,
                -0.13555041662688336
            ],
            [
                -0.2131052738385088,
                -0.01693226016043027,
                0.4457508667687111
            ],
            [
                -0.12691161364500356,
                -0.427537148346901,
                -0.00664420167948937
            ]
        ],
        "fundamental_matrix": [
            [
                3.2236468051836077e-06,
                7.409634154484045e-05,
                -0.004410771707997237
            ],
            [
                6.508696060496719e-05,
                5.177405123400819e-06,
                -0.07631854099987449
            ],
            [
                -0.0010390395454622314,
                0.025473806895858375,
                1.0
            ]
        ],
        "rms_error": 20.038255382908236,
        "baseline_cm": 51.026123479602234,
        "num_pairs": 11,
        "rectification": {
            "R1": [
                [
                    0.8736628876653676,
                    -0.26567534256471637,
                    0.40759019991816753
                ],
                [
                    0.2599870444065745,
                    0.9630387197058426,
                    0.07044970608927464
                ],
                [
                    -0.4112418940926922,
                    0.0444188777486771,
                    0.91044333587687
                ]
            ],
            "R2": [
                [
                    0.8382881229586678,
                    0.2476788302408557,
                    -0.48572442800105764
                ],
                [
                    -0.25446725944084586,
                    0.9656163881786766,
                    0.0532109458047174
                ],
                [
                    0.4822026926294569,
                    0.07899486015740967,
                    0.8724909026973363
                ]
            ],
            "P1": [
                [
                    939813.0488199079,
                    0.0,
                    4782.024218603969,
                    0.0
                ],
                [
                    0.0,
                    939813.0488199079,
                    -1521.6667881011963,
                    0.0
                ],
                [
                    0.0,
                    0.0,
                    1.0,
                    0.0
                ]
            ],
            "P2": [
                [
                    939813.0488199079,
                    0.0,
                    4782.024218603969,
                    -479550.16676826053
                ],
                [
                    0.0,
                    939813.0488199079,
                    -1521.6667881011963,
                    0.0
                ],
                [
                    0.0,
                    0.0,
                    1.0,
                    0.0
                ]
            ],
            "Q": [
                [
                    1.0,
                    0.0,
                    0.0,
                    -4782.024218603969
                ],
                [
                    0.0,
                    1.0,
                    0.0,
                    1521.6667881011963
                ],
                [
                    0.0,
                    0.0,
                    0.0,
                    939813.0488199079
                ],
                [
                    0.0,
                    0.0,
                    1.9597804649999555,
                    -0.0
                ]
            ]
        }
    }
}